id,name,sysid,compid,count,hz_count_over_window,period_mean_s,period_min_s,period_max_s,period_stddev_s,period_p95_s,period_p99_s,largest_gap_s,header_stamp_max_gap_s
0,HEARTBEAT,1,1,60,0.9996577873497404,1.000060457169469,0.9967167069989955,1.0039990520017454,,1.002849900694855,1.0036193526844728,1.0039990520017454,1.0030031204223633
1,SYS_STATUS,1,1,60,0.9996577873497404,1.0001263773898492,0.9785649330005981,1.0258168330037734,,1.0106250045006164,1.0199890933418647,1.0258168330037734,1.020066738128662
2,SYSTEM_TIME,1,1,60,0.9996577873497404,1.000133372288073,0.9620430380018661,1.031860326998867,,1.0172830278082983,1.0306385831019724,1.031860326998867,1.0200743675231934
22,PARAM_VALUE,1,1,14,0.23325348371493945,4.0768885216149595,0.00043632398592308164,11.0004309220094,,10.995743194606622,10.999493376528845,11.0004309220094,11.001662015914917
24,GPS_RAW_INT,1,1,60,0.9996577873497404,1.0001028567116996,0.9689935960050207,1.030325902000186,,1.024064102601551,1.0303214307839517,1.030325902000186,1.0200490951538086
27,RAW_IMU,1,1,60,0.9996577873497404,0.9999286958982802,0.9716089970024768,1.0410514209943358,,1.0176038783072727,1.0309051434366847,1.0410514209943358,1.0395891666412354
29,SCALED_PRESSURE,1,1,60,0.9996577873497404,1.0000583117455837,0.9765072689915542,1.0282988630060572,,1.0191103084915085,1.0247223452021716,1.0282988630060572,1.0201148986816406
30,ATTITUDE,1,1,60,0.9996577873497404,1.000073957610165,0.9798321970010875,1.02209845399193,,1.0049095110021882,1.0139217172400095,1.02209845399193,1.0199670791625977
32,LOCAL_POSITION_NED,1,1,60,0.9996577873497404,1.0001627311186463,0.9698126610019244,1.0353129190043546,,1.0221975895925426,1.0308840378426247,1.0353129190043546,1.0227155685424805
33,GLOBAL_POSITION_INT,1,1,60,0.9996577873497404,1.000098017118605,0.979713199994876,1.0230737670062808,,1.0068587944071623,1.016149004898034,1.0230737670062808,1.0200245380401611
36,SERVO_OUTPUT_RAW,1,1,60,0.9996577873497404,1.000179370593179,0.9759884879895253,1.0386609729903284,,1.0179776614022558,1.0287684390513459,1.0386609729903284,1.0396389961242676
42,MISSION_CURRENT,1,1,60,0.9996577873497404,1.000165746593404,0.9690687630063621,1.0374905399949057,,1.0190537760892766,1.0289551770593972,1.0374905399949057,1.039560317993164
65,RC_CHANNELS,1,1,60,0.9996577873497404,0.9999206579320914,0.9732217970013153,1.0400136940006632,,1.0172791133009014,1.0294111838043318,1.0400136940006632,1.0396242141723633
74,VFR_HUD,1,1,60,0.9996577873497404,1.0001125754238505,0.9793290840025293,1.0242544080101652,,1.0087029628019082,1.0180364095408003,1.0242544080101652,1.0200741291046143
111,TIMESYNC,1,1,606,10.096543652232379,0.0990045891421672,0.0004205739969620481,0.30619274100172333,,0.26199905079847663,0.28241749504581093,0.30619274100172333,0.3061704635620117
116,SCALED_IMU2,1,1,60,0.9996577873497404,1.000018092288174,0.9690243039949564,1.0265687329956563,,1.0171772379937465,1.021414503256674,1.0265687329956563,1.0203802585601807
124,GPS2_RAW,1,1,60,0.9996577873497404,1.0001178549659848,0.9656030449987156,1.033713994998834,,1.026684145798208,1.0321878792758798,1.033713994998834,1.0199377536773682
125,POWER_STATUS,1,1,60,0.9996577873497404,1.00014063908464,0.9784202689916128,1.0266571060055867,,1.0122203294027714,1.0216134370258079,1.0266571060055867,1.020087718963623
129,SCALED_IMU3,1,1,60,0.9996577873497404,1.0000389385933917,0.976532643995597,1.0273973400035175,,1.0167206186044495,1.0227153422051924,1.0273973400035175,1.020247459411621
137,SCALED_PRESSURE2,1,1,60,0.9996577873497404,1.0000796573390982,0.9732961699919542,1.0295713759987848,,1.0214145712991012,1.0275031162975938,1.0295713759987848,1.0200705528259277
147,BATTERY_STATUS,1,1,60,0.9996577873497404,1.000026688847387,0.9632675110042328,1.0378304890036816,,1.0232489581016124,1.034754114477255,1.0378304890036816,1.0224077701568604
152,MEMINFO,1,1,60,0.9996577873497404,1.0001525229999353,0.9783969359996263,1.0274434230086626,,1.0167852998973104,1.0232487835429493,1.0274434230086626,1.0212030410766602
163,AHRS,1,1,60,0.9996577873497404,1.0000402634069068,0.97983744800149,1.0203210759937065,,1.0016460877115605,1.010191351637186,1.0203210759937065,1.0198063850402832
178,AHRS2,1,1,60,0.9996577873497404,1.0000571550000301,0.9798686550057027,1.0211499750002986,,1.0029676649923203,1.012017297318671,1.0211499750002986,1.0199017524719238
193,EKF_STATUS_REPORT,1,1,60,0.9996577873497404,1.0001480986610336,0.9586694019963033,1.0323035670007812,,1.0190117835983983,1.0278163244982716,1.0323035670007812,1.0228962898254395
226,RPM,1,1,60,0.9996577873497404,1.0000134108813037,0.9653773820027709,1.0344265209860168,,1.0224647420982365,1.0314501222394756,1.0344265209860168,1.0224580764770508
241,VIBRATION,1,1,60,0.9996577873497404,1.0001801022203143,0.9674997940019239,1.030916679999791,,1.025389706902206,1.0281097827584018,1.030916679999791,1.0225343704223633
11030,ESC_TELEMETRY_1_TO_4,1,1,60,0.9996577873497404,1.0000410148135477,0.9600050410081167,1.0411417099967366,,1.0266418739105574,1.0398966941738035,1.0411417099967366,1.0225253105163574
