message_id,message,source,count,hz,period_mean_s,period_min_s,period_max_s,p95_s,p99_s,largest_gap_s,consumer_plugins
0,HEARTBEAT,1/1,60,0.999658,1.000060,0.996717,1.003999,1.002850,1.003619,1.003999,"sys_status"
1,SYS_STATUS,1/1,60,0.999658,1.000126,0.978565,1.025817,1.010625,1.019989,1.025817,"sys_status"
2,SYSTEM_TIME,1/1,60,0.999658,1.000133,0.962043,1.031860,1.017283,1.030639,1.031860,"sys_time; universal_gnss"
22,PARAM_VALUE,1/1,14,0.233253,4.076889,0.000436,11.000431,10.995743,10.999493,11.000431,"param"
24,GPS_RAW_INT,1/1,60,0.999658,1.000103,0.968994,1.030326,1.024064,1.030321,1.030326,"global_position; gps_status; mowgli_gnss; universal_gnss"
26,SCALED_IMU,1/1,0,0.000000,,,,,,,"imu"
27,RAW_IMU,1/1,60,0.999658,0.999929,0.971609,1.041051,1.017604,1.030905,1.041051,"imu"
29,SCALED_PRESSURE,1/1,60,0.999658,1.000058,0.976507,1.028299,1.019110,1.024722,1.028299,"imu"
30,ATTITUDE,1/1,60,0.999658,1.000074,0.979832,1.022098,1.004910,1.013922,1.022098,"imu"
31,ATTITUDE_QUATERNION,1/1,0,0.000000,,,,,,,"imu"
32,LOCAL_POSITION_NED,1/1,60,0.999658,1.000163,0.969813,1.035313,1.022198,1.030884,1.035313,"local_position"
33,GLOBAL_POSITION_INT,1/1,60,0.999658,1.000098,0.979713,1.023074,1.006859,1.016149,1.023074,"global_position"
35,RC_CHANNELS_RAW,1/1,0,0.000000,,,,,,,"rc_io"
36,SERVO_OUTPUT_RAW,1/1,60,0.999658,1.000179,0.975988,1.038661,1.017978,1.028768,1.038661,"rc_io"
39,MISSION_ITEM,1/1,0,0.000000,,,,,,,"geofence; rallypoint; waypoint"
40,MISSION_REQUEST,1/1,0,0.000000,,,,,,,"geofence; rallypoint; waypoint"
42,MISSION_CURRENT,1/1,60,0.999658,1.000166,0.969069,1.037491,1.019054,1.028955,1.037491,"waypoint"
44,MISSION_COUNT,1/1,0,0.000000,,,,,,,"geofence; rallypoint; waypoint"
46,MISSION_ITEM_REACHED,1/1,0,0.000000,,,,,,,"waypoint"
47,MISSION_ACK,1/1,0,0.000000,,,,,,,"geofence; rallypoint; waypoint"
49,GPS_GLOBAL_ORIGIN,1/1,0,0.000000,,,,,,,"global_position"
51,MISSION_REQUEST_INT,1/1,0,0.000000,,,,,,,"geofence; rallypoint; waypoint"
62,NAV_CONTROLLER_OUTPUT,1/1,0,0.000000,,,,,,,"nav_controller_output"
64,LOCAL_POSITION_NED_COV,1/1,0,0.000000,,,,,,,"local_position"
65,RC_CHANNELS,1/1,60,0.999658,0.999921,0.973222,1.040014,1.017279,1.029411,1.040014,"rc_io"
69,MANUAL_CONTROL,1/1,0,0.000000,,,,,,,"manual_control"
73,MISSION_ITEM_INT,1/1,0,0.000000,,,,,,,"geofence; rallypoint; waypoint"
74,VFR_HUD,1/1,60,0.999658,1.000113,0.979329,1.024254,1.008703,1.018036,1.024254,"vfr_hud"
77,COMMAND_ACK,1/1,0,0.000000,,,,,,,"command"
83,ATTITUDE_TARGET,1/1,0,0.000000,,,,,,,"setpoint_raw"
85,POSITION_TARGET_LOCAL_NED,1/1,0,0.000000,,,,,,,"setpoint_raw"
87,POSITION_TARGET_GLOBAL_INT,1/1,0,0.000000,,,,,,,"guided_target; setpoint_raw"
89,LOCAL_POSITION_NED_SYSTEM_GLOBAL_OFFSET,1/1,0,0.000000,,,,,,,"global_position"
100,OPTICAL_FLOW,1/1,0,0.000000,,,,,,,"optical_flow"
105,HIGHRES_IMU,1/1,0,0.000000,,,,,,,"imu"
108,SIM_STATE,1/1,0,0.000000,,,,,,,"sim_state"
109,RADIO_STATUS,1/1,0,0.000000,,,,,,,"tdr_radio"
111,TIMESYNC,1/1,606,10.096544,0.099005,0.000421,0.306193,0.261999,0.282417,0.306193,"sys_time"
112,CAMERA_TRIGGER,1/1,0,0.000000,,,,,,,"cam_imu_sync"
116,SCALED_IMU2,1/1,60,0.999658,1.000018,0.969024,1.026569,1.017177,1.021415,1.026569,"aucun handler actif identifie"
118,LOG_ENTRY,1/1,0,0.000000,,,,,,,"log_transfer"
120,LOG_DATA,1/1,0,0.000000,,,,,,,"log_transfer"
124,GPS2_RAW,1/1,60,0.999658,1.000118,0.965603,1.033714,1.026684,1.032188,1.033714,"gps_status; mowgli_gnss; universal_gnss"
125,POWER_STATUS,1/1,60,0.999658,1.000141,0.978420,1.026657,1.012220,1.021613,1.026657,"aucun handler actif identifie"
127,GPS_RTK,1/1,0,0.000000,,,,,,,"gps_rtk; gps_status; universal_gnss"
128,GPS2_RTK,1/1,0,0.000000,,,,,,,"gps_status; universal_gnss"
129,SCALED_IMU3,1/1,60,0.999658,1.000039,0.976533,1.027397,1.016721,1.022715,1.027397,"aucun handler actif identifie"
132,DISTANCE_SENSOR,1/1,0,0.000000,,,,,,,"distance_sensor"
133,TERRAIN_REQUEST,1/1,0,0.000000,,,,,,,"terrain"
135,TERRAIN_CHECK,1/1,0,0.000000,,,,,,,"terrain"
136,TERRAIN_REPORT,1/1,0,0.000000,,,,,,,"terrain"
137,SCALED_PRESSURE2,1/1,60,0.999658,1.000080,0.973296,1.029571,1.021415,1.027503,1.029571,"aucun handler actif identifie"
147,BATTERY_STATUS,1/1,60,0.999658,1.000027,0.963268,1.037830,1.023249,1.034754,1.037830,"battery_observer; sys_status"
148,AUTOPILOT_VERSION,1/1,0,0.000000,,,,,,,"sys_status"
149,LANDING_TARGET,1/1,0,0.000000,,,,,,,"landing_target"
152,MEMINFO,1/1,60,0.999658,1.000153,0.978397,1.027443,1.016785,1.023249,1.027443,"sys_status"
163,AHRS,1/1,60,0.999658,1.000040,0.979837,1.020321,1.001646,1.010191,1.020321,"aucun handler actif identifie"
165,HWSTATUS,1/1,0,0.000000,,,,,,,"sys_status"
166,RADIO,1/1,0,0.000000,,,,,,,"tdr_radio"
168,WIND,1/1,0,0.000000,,,,,,,"wind_estimation"
173,RANGEFINDER,1/1,0,0.000000,,,,,,,"rangefinder"
178,AHRS2,1/1,60,0.999658,1.000057,0.979869,1.021150,1.002968,1.012017,1.021150,"aucun handler actif identifie"
191,MAG_CAL_PROGRESS,1/1,0,0.000000,,,,,,,"mag_calibration_status"
192,MAG_CAL_REPORT,1/1,0,0.000000,,,,,,,"mag_calibration_status"
193,EKF_STATUS_REPORT,1/1,60,0.999658,1.000148,0.958669,1.032304,1.019012,1.027816,1.032304,"aucun handler actif identifie"
226,RPM,1/1,60,0.999658,1.000013,0.965377,1.034427,1.022465,1.031450,1.034427,"esc_wheel_odometry"
230,ESTIMATOR_STATUS,1/1,0,0.000000,,,,,,,"sys_status"
231,WIND_COV,1/1,0,0.000000,,,,,,,"wind_estimation"
241,VIBRATION,1/1,60,0.999658,1.000180,0.967500,1.030917,1.025390,1.028110,1.030917,"aucun handler actif identifie"
242,HOME_POSITION,1/1,0,0.000000,,,,,,,"home_position"
245,EXTENDED_SYS_STATE,1/1,0,0.000000,,,,,,,"sys_status"
246,ADSB_VEHICLE,1/1,0,0.000000,,,,,,,"adsb"
253,STATUSTEXT,1/1,0,0.000000,,,,,,,"sys_status"
257,BUTTON_CHANGE,1/1,0,0.000000,,,,,,,"hardware_bridge (raw source)"
263,CAMERA_IMAGE_CAPTURED,1/1,0,0.000000,,,,,,,"camera"
280,GIMBAL_MANAGER_INFORMATION,1/1,0,0.000000,,,,,,,"gimbal_control"
281,GIMBAL_MANAGER_STATUS,1/1,0,0.000000,,,,,,,"gimbal_control"
283,GIMBAL_DEVICE_INFORMATION,1/1,0,0.000000,,,,,,,"gimbal_control"
285,GIMBAL_DEVICE_ATTITUDE_STATUS,1/1,0,0.000000,,,,,,,"gimbal_control"
290,ESC_INFO,1/1,0,0.000000,,,,,,,"esc_status; esc_wheel_odometry"
291,ESC_STATUS,1/1,0,0.000000,,,,,,,"esc_status; esc_wheel_odometry"
331,ODOMETRY,1/1,0,0.000000,,,,,,,"odometry"
332,TRAJECTORY_REPRESENTATION_WAYPOINTS,1/1,0,0.000000,,,,,,,"trajectory"
385,TUNNEL,1/1,0,0.000000,,,,,,,"tunnel"
410,EVENT,1/1,0,0.000000,,,,,,,"sys_status"
9000,WHEEL_DISTANCE,1/1,0,0.000000,,,,,,,"esc_wheel_odometry"
11030,ESC_TELEMETRY_1_TO_4,1/1,60,0.999658,1.000041,0.960005,1.041142,1.026642,1.039897,1.041142,"esc_telemetry; esc_wheel_odometry"
11031,ESC_TELEMETRY_5_TO_8,1/1,0,0.000000,,,,,,,"esc_telemetry; esc_wheel_odometry"
11032,ESC_TELEMETRY_9_TO_12,1/1,0,0.000000,,,,,,,"esc_telemetry; esc_wheel_odometry"
