path,function,state,decision,sha256
"blade-product-20261009.Dockerfile","Historical ARM64 build","absent from stash; baseline-specific artifact","retained historical only; no execution","62cebeeba4fc25c1b85a480bf34b209604250ee08dfe87e2faba48369b192e76"
"blade-product-deployment-integrity-20261009.py","Historical sidecar mutation procedure","absent from stash; baseline-specific artifact","retained historical only; no execution","0ab543fb67804e5fa2290fd79b4ba769ab43252bd3d00149fc2f7eb441933d65"
"blade-product-first-fwd-20261009.py","Historical armed motor bench","absent from stash; baseline-specific artifact","retained historical only; no execution","4d8319225cf2b3ad5d7ced25f1d1af7b56d1229e7b34a0d271db409e691ecca6"
"blade-product-off-repeat-20261009.py","Historical preflight/capture/integrity proof","absent from stash; baseline-specific artifact","retained historical only; no execution","0ce8def9c5724d5741f8af1b287cda42fc0b362cdd8d126012e8a3ba3bd2b092"
"blade-product-preflight-20261009.py","Historical preflight/capture/integrity proof","absent from stash; baseline-specific artifact","retained historical only; no execution","eab8d01a04b1a600d08a320e168dba75910669c99d17db98ec63e3e22a6e33fd"
"blade-product-proof-summary-20261009.py","Historical preflight/capture/integrity proof","absent from stash; baseline-specific artifact","retained historical only; no execution","c77b24d319f95e68fdc1d4b93ad481a6574cd4a832f2d17744df1314a3bd0e55"
"blade-product-startup-off-20261009.py","Historical preflight/capture/integrity proof","absent from stash; baseline-specific artifact","retained historical only; no execution","c399fa37e147eed292f68d928fa021e74247faffe241240ff2695ad8177391cf"
"build-blade-arm64-20261009.sh","Historical ARM64 build","absent from stash; baseline-specific artifact","retained historical only; no execution","7c16ff78218e77d9d055f668261ee88b67e530ed1919c3a4e11e522efa11f687"
"deploy-blade-product-20261009.sh","Historical sidecar mutation procedure","absent from stash; baseline-specific artifact","retained historical only; no execution","15af84f33351a52af550b7e689a902a49e29ae3b0a04e2fbfa7a19452a764f26"
"rollback-blade-product-20261009.sh","Historical sidecar mutation procedure","absent from stash; baseline-specific artifact","retained historical only; no execution","c3953d5cc19c6e3b15630d3941662381706e50bb5e68ef591116df4207dad3d9"
"validate-blade-arm64-20261009.sh","Isolated graph validation","absent from stash; baseline-specific artifact","retained historical only; no execution","bb94f601f429e20aa69443c42b0fb42fb56e9629389187c2de1e02bf408c08cb"
"mavlink-passive-rates-20261009.py","Passive MAVLink rate audit","absent from stash; baseline-specific artifact","retained historical only; no execution","58fd89972cc8623f04ac34fc58d874bac6add0b1d9d2827e10ec586c73561922"
