path,size,sha256,git_path,main_state,stash_state,decision
mowgli_mavros_bridge/launch/__pycache__/mavros_backend.launch.cpython-314.pyc,9912,8001fa91a1268277d70bc84ef7dcc6210b07f214b80334266037ab5e7b9d7020,ros2/src/mowgli_mavros_bridge/launch/__pycache__/mavros_backend.launch.cpython-314.pyc,absent,not_in_stash_or_differs,obsolete generated cache; retained in original archive
mowgli_mavros_bridge/launch/mavros_backend.launch.py,10003,183a086791540f4dcf4744823a4f4d293efd45667a3f1825b9f603dc2f66135d,ros2/src/mowgli_mavros_bridge/launch/mavros_backend.launch.py,already_integrated,matches,use stash if changed; otherwise keep main
mowgli_mavros_bridge/test/test_blade_graph.py,9611,a379093048f1165f773bf285d49b03d3ac08046906008ba91e0092ea60f7e37b,ros2/src/mowgli_mavros_bridge/test/test_blade_graph.py,absent,matches,use stash if changed; otherwise keep main
mowgli_mavros_bridge/test/test_readiness_state.cpp,4274,bedd5286843ccc905fa26c8aa568efc72d7559a71d5c6508a68cfb1c2617d274,ros2/src/mowgli_mavros_bridge/test/test_readiness_state.cpp,already_integrated,matches,use stash if changed; otherwise keep main
mowgli_mavros_bridge/test/test_firmware_provider.py,2697,ca0e53a4ddbe2604639f218b793d097abbbc2658ffd09f68b934c2adae0f7b82,ros2/src/mowgli_mavros_bridge/test/test_firmware_provider.py,already_integrated,matches,use stash if changed; otherwise keep main
mowgli_mavros_bridge/test/test_blade_off_contract.py,1493,5fbe303096b32997046420e4bdf1641577b7d820b733df8551b5fd561b54548e,ros2/src/mowgli_mavros_bridge/test/test_blade_off_contract.py,absent,matches,use stash if changed; otherwise keep main
mowgli_mavros_bridge/test/test_safety_state.cpp,6902,706e06e0f0719405326bf869bcce3770df4004c63ffc6dafd6a1cd1e54c0b9de,ros2/src/mowgli_mavros_bridge/test/test_safety_state.cpp,already_integrated,matches,use stash if changed; otherwise keep main
mowgli_mavros_bridge/test/test_blade_off_control.cpp,2274,731e447b8ad3b7c6a42ddd7e2e94806801073c6095ea32539896d20efcab7df5,ros2/src/mowgli_mavros_bridge/test/test_blade_off_control.cpp,absent,matches,use stash if changed; otherwise keep main
mowgli_mavros_bridge/test/test_firmware_detection.py,4420,e3c3e0862c0bd966ab7b34636b78293ab55ffdbfb1e245cc6b856523fcc934de,ros2/src/mowgli_mavros_bridge/test/test_firmware_detection.py,already_integrated,matches,use stash if changed; otherwise keep main
mowgli_mavros_bridge/test/test_provider_graph.py,10160,a5b5766df53c2aaa4d5936a95bf95410dab940a3a639302c409caa36b85ab60b,ros2/src/mowgli_mavros_bridge/test/test_provider_graph.py,differs,matches,use stash if changed; otherwise keep main
mowgli_mavros_bridge/test/test_safety_graph.py,10135,09b1436725c89d8ec190d9eaa7b6572ab1f3461e5437a47b126e8788e963519c,ros2/src/mowgli_mavros_bridge/test/test_safety_graph.py,already_integrated,matches,use stash if changed; otherwise keep main
mowgli_mavros_bridge/test/__pycache__/test_gnss_launch.cpython-314.pyc,24612,3cf92ba8a86dc3548d1ea0ac50f2617f5bc4d004ae51969b09888ec637c0205f,ros2/src/mowgli_mavros_bridge/test/__pycache__/test_gnss_launch.cpython-314.pyc,absent,not_in_stash_or_differs,obsolete generated cache; retained in original archive
mowgli_mavros_bridge/test/__pycache__/test_provider_graph.cpython-314.pyc,13206,695c168ecb02fcb4b1e70acfa6824cbd77cb96209e129e4879173da0b47da663,ros2/src/mowgli_mavros_bridge/test/__pycache__/test_provider_graph.cpython-314.pyc,absent,not_in_stash_or_differs,obsolete generated cache; retained in original archive
mowgli_mavros_bridge/test/test_blade_control.cpp,7123,51b423d006506068d6aeca2638b824096ea6b528ca2764bab5a6ed23a7b33638,ros2/src/mowgli_mavros_bridge/test/test_blade_control.cpp,absent,matches,use stash if changed; otherwise keep main
mowgli_mavros_bridge/test/test_command_provider.cpp,3412,425077bac115980a33cab1d48dce209ccb6137023e1312b91bd5ffbba1cd40ae,ros2/src/mowgli_mavros_bridge/test/test_command_provider.cpp,already_integrated,matches,use stash if changed; otherwise keep main
mowgli_mavros_bridge/test/test_gnss_launch.py,12465,6e13c6c1c5a4ca7ff3fcea675f92aa22bfe88697bc69d1dd9bb3a49d2c7f6e58,ros2/src/mowgli_mavros_bridge/test/test_gnss_launch.py,already_integrated,matches,use stash if changed; otherwise keep main
mowgli_mavros_bridge/test/test_rover_manual_control.cpp,1063,ab6aa74f41e4757c8d1bb30f3db337a87bf4c2606d6bcfbc36a6dd2fc382dc21,ros2/src/mowgli_mavros_bridge/test/test_rover_manual_control.cpp,already_integrated,matches,use stash if changed; otherwise keep main
mowgli_mavros_bridge/test/test_esc_telemetry_tracker.cpp,9634,204c6790b8ade77c44a3a4b57cf3cba9037b9930f217d5771c09e703d81c115a,ros2/src/mowgli_mavros_bridge/test/test_esc_telemetry_tracker.cpp,already_integrated,matches,use stash if changed; otherwise keep main
mowgli_mavros_bridge/python/mowgli_mavros_bridge/firmware_provider.py,1639,2cf7b2e97c39827dc571ec6ffc49dea507958d8244b31f5bc91d8dbf8e99e306,ros2/src/mowgli_mavros_bridge/python/mowgli_mavros_bridge/firmware_provider.py,already_integrated,matches,use stash if changed; otherwise keep main
mowgli_mavros_bridge/python/mowgli_mavros_bridge/__pycache__/__init__.cpython-314.pyc,298,0a406e900bce3587da84295888b7c40f89d58bcdc40c3f039a39bfe664d979b9,ros2/src/mowgli_mavros_bridge/python/mowgli_mavros_bridge/__pycache__/__init__.cpython-314.pyc,absent,not_in_stash_or_differs,obsolete generated cache; retained in original archive
mowgli_mavros_bridge/python/mowgli_mavros_bridge/__pycache__/firmware_provider.cpython-314.pyc,3291,fc0d490c3e55c8397d5c4f4fc479875fc96a4aadaac23c7eb6b30826110349b5,ros2/src/mowgli_mavros_bridge/python/mowgli_mavros_bridge/__pycache__/firmware_provider.cpython-314.pyc,absent,not_in_stash_or_differs,obsolete generated cache; retained in original archive
mowgli_mavros_bridge/python/mowgli_mavros_bridge/__init__.py,67,7abcffb00632623452cb60ca1f91ecb28dbd89340110489561e6f6b0105db205,ros2/src/mowgli_mavros_bridge/python/mowgli_mavros_bridge/__init__.py,already_integrated,matches,use stash if changed; otherwise keep main
mowgli_mavros_bridge/CMakeLists.txt,6462,cd0a9ceedf014811234a7b98689d2318b305c4f5683244214f75049234c4c387,ros2/src/mowgli_mavros_bridge/CMakeLists.txt,differs,matches,use stash if changed; otherwise keep main
mowgli_mavros_bridge/README.md,8493,ed7b8b339c35b7fa8e23d4bbe7a24728af9cd147bb5deeb955998c83afc0c3fb,ros2/src/mowgli_mavros_bridge/README.md,differs,matches,use stash if changed; otherwise keep main
mowgli_mavros_bridge/include/mowgli_mavros_bridge/button_change_decoder.hpp,835,fe1471bbf518f1f8397b981b8f19cce39939219ac4d8e50541eefe410fdd856a,ros2/src/mowgli_mavros_bridge/include/mowgli_mavros_bridge/button_change_decoder.hpp,already_integrated,matches,use stash if changed; otherwise keep main
mowgli_mavros_bridge/include/mowgli_mavros_bridge/vesc_telemetry_projection.hpp,1701,d5e80ab631b40c3e25b84c55f3cdec23e9b1d4dcf2a2554ed195711e297cd003,ros2/src/mowgli_mavros_bridge/include/mowgli_mavros_bridge/vesc_telemetry_projection.hpp,already_integrated,matches,use stash if changed; otherwise keep main
mowgli_mavros_bridge/include/mowgli_mavros_bridge/safety_state.hpp,4370,b0468062e28a574683de18ae132d0c48691c682f3d394e716870c29bc718ccfc,ros2/src/mowgli_mavros_bridge/include/mowgli_mavros_bridge/safety_state.hpp,already_integrated,matches,use stash if changed; otherwise keep main
mowgli_mavros_bridge/include/mowgli_mavros_bridge/blade_control.hpp,9146,206a8c272bce9815ed3c7e3a0235489cee0c381159df6b377872a88ff9a03014,ros2/src/mowgli_mavros_bridge/include/mowgli_mavros_bridge/blade_control.hpp,absent,matches,use stash if changed; otherwise keep main
mowgli_mavros_bridge/include/mowgli_mavros_bridge/rover_manual_control.hpp,745,4824f05dc342a76f72b7ec0cfa6a7b3f04f1e00dd28aab3436c892ab663db2df,ros2/src/mowgli_mavros_bridge/include/mowgli_mavros_bridge/rover_manual_control.hpp,already_integrated,matches,use stash if changed; otherwise keep main
mowgli_mavros_bridge/include/mowgli_mavros_bridge/readiness_state.hpp,1233,9324bf6838d049922a26a477d72a0576abfef57ddf02e58b04d801ced720a3cd,ros2/src/mowgli_mavros_bridge/include/mowgli_mavros_bridge/readiness_state.hpp,already_integrated,matches,use stash if changed; otherwise keep main
mowgli_mavros_bridge/include/mowgli_mavros_bridge/esc_telemetry_tracker.hpp,4299,d6de69667d6cf55d8d27b7900ec10f650f33dab173c9b7a925da23c2435f38cd,ros2/src/mowgli_mavros_bridge/include/mowgli_mavros_bridge/esc_telemetry_tracker.hpp,already_integrated,matches,use stash if changed; otherwise keep main
mowgli_mavros_bridge/include/mowgli_mavros_bridge/blade_off_control.hpp,1677,0e7c42b0e4696be2f0dc209311b887da3d6158b17691b43c91675efdc97674da,ros2/src/mowgli_mavros_bridge/include/mowgli_mavros_bridge/blade_off_control.hpp,absent,matches,use stash if changed; otherwise keep main
mowgli_mavros_bridge/include/mowgli_mavros_bridge/firmware_provider.hpp,1415,1d0d5bb0940aa73aa5eacd479a0638a93e0c09ff8a679b734f624e2dcddb3845,ros2/src/mowgli_mavros_bridge/include/mowgli_mavros_bridge/firmware_provider.hpp,already_integrated,matches,use stash if changed; otherwise keep main
mowgli_mavros_bridge/include/mavros_hardware_bridge_node.hpp,7719,7ca47a68094ff7382ba2c7190d58104bb373045b2e518ff3b98ae86070c63ad6,ros2/src/mowgli_mavros_bridge/include/mavros_hardware_bridge_node.hpp,differs,matches,use stash if changed; otherwise keep main
mowgli_mavros_bridge/package.xml,1455,62ffc16ee3ef37e85bfcc067287ed05f477cfb554ce8209b2d5e60106884f204,ros2/src/mowgli_mavros_bridge/package.xml,already_integrated,matches,use stash if changed; otherwise keep main
mowgli_mavros_bridge/config/hardware_bridge_mavros.yaml,1129,c75c344ebb792030f55b103d2a4725c08ed86535cd700f6525baeb328904fd3f,ros2/src/mowgli_mavros_bridge/config/hardware_bridge_mavros.yaml,differs,matches,use stash if changed; otherwise keep main
mowgli_mavros_bridge/src/readiness_state.cpp,2988,9a6ef6c05b00a3f6b539529889dfb3cb0eb8f983e0133207ae62820d52d06d4d,ros2/src/mowgli_mavros_bridge/src/readiness_state.cpp,already_integrated,matches,use stash if changed; otherwise keep main
mowgli_mavros_bridge/src/firmware_provider.cpp,2073,236be6c3e95e773ff4761e20ce73f877ca348645cb8489c65de58a0800756ed1,ros2/src/mowgli_mavros_bridge/src/firmware_provider.cpp,already_integrated,matches,use stash if changed; otherwise keep main
mowgli_mavros_bridge/src/mavros_hardware_bridge_node.cpp,46215,a8cbaee9bae1fe050a8479ec72e5100745a283003c30414e13901e06649584cf,ros2/src/mowgli_mavros_bridge/src/mavros_hardware_bridge_node.cpp,differs,matches,use stash if changed; otherwise keep main
mowgli_mavros_bridge/src/detect_mavros_firmware.cpp,3372,2bd54a55b99dfdb5a5f0b14745a4e513527d0b3ca8a8398a11823461dd06ed25,ros2/src/mowgli_mavros_bridge/src/detect_mavros_firmware.cpp,already_integrated,matches,use stash if changed; otherwise keep main
