path,stash_layer,category,function,main_state,feature_state,current_audit_worktree_state,decision,target
".agent/shared/checkpoints/INDEX.md","unstaged_worktree","checkpoint_index","Resumable finding navigation","differs","differs","modified_since_or_local_conflict","merge recent navigation/status without dropping historical entries",".agent/shared/checkpoints/INDEX.md"
"TODO.md","unstaged_worktree","backlog","Ordered backlog and acceptance status","differs","differs","modified_since_or_local_conflict","merge recent navigation/status without dropping historical entries","TODO.md"
"ros2/src/mavros_esc_wheel_odometry/CMakeLists.txt","unstaged_worktree","build","Register recovered tests in CMake","differs","differs","modified_since_or_local_conflict","PORT exact recovered bytes","ros2/src/mavros_esc_wheel_odometry/CMakeLists.txt"
"ros2/src/mowgli_mavros_bridge/CMakeLists.txt","unstaged_worktree","build","Register recovered tests in CMake","differs","differs","modified_since_or_local_conflict","PORT exact recovered bytes","ros2/src/mowgli_mavros_bridge/CMakeLists.txt"
"ros2/src/mowgli_mavros_bridge/README.md","unstaged_worktree","documentation","Provider and blade contract documentation","differs","differs","modified_since_or_local_conflict","ADAPT recovered work plus targeted regression/documentation","ros2/src/mowgli_mavros_bridge/README.md"
"ros2/src/mowgli_mavros_bridge/config/hardware_bridge_mavros.yaml","unstaged_worktree","configuration","Startup blade mapping and neutral/directional PWM","differs","differs","modified_since_or_local_conflict","PORT exact recovered bytes","ros2/src/mowgli_mavros_bridge/config/hardware_bridge_mavros.yaml"
"ros2/src/mowgli_mavros_bridge/include/mavros_hardware_bridge_node.hpp","unstaged_worktree","product","Independent blade state machine and bridge transport/safety integration","differs","differs","modified_since_or_local_conflict","PORT exact recovered bytes","ros2/src/mowgli_mavros_bridge/include/mavros_hardware_bridge_node.hpp"
"ros2/src/mowgli_mavros_bridge/src/mavros_hardware_bridge_node.cpp","unstaged_worktree","product","Independent blade state machine and bridge transport/safety integration","differs","differs","modified_since_or_local_conflict","ADAPT recovered work plus targeted regression/documentation","ros2/src/mowgli_mavros_bridge/src/mavros_hardware_bridge_node.cpp"
"ros2/src/mowgli_mavros_bridge/test/test_provider_graph.py","unstaged_worktree","test","Regression or mocked ROS integration contract","differs","differs","modified_since_or_local_conflict","PORT exact recovered bytes","ros2/src/mowgli_mavros_bridge/test/test_provider_graph.py"
".agent/shared/checkpoints/retained/MM-BLADE-PRODUCT-20261008.md","untracked_parent3","checkpoint","Historical resumable validation baseline","absent","absent","absent","PORT exact recovered bytes",".agent/shared/checkpoints/retained/MM-BLADE-PRODUCT-20261008.md"
".agent/shared/checkpoints/retained/MM-MAVLINK-RATES-20261009.md","untracked_parent3","checkpoint","Historical resumable validation baseline","absent","absent","absent","PORT exact recovered bytes",".agent/shared/checkpoints/retained/MM-MAVLINK-RATES-20261009.md"
"docs/investigations/2026-10-07-runtime-bringup/blade-charge-A-interrupted-2026-10-08.jsonl","untracked_parent3","audit_data","Original timestamped runtime measurements","absent","absent","absent","PORT exact recovered bytes","docs/investigations/2026-10-07-runtime-bringup/blade-charge-A-interrupted-2026-10-08.jsonl"
"docs/investigations/2026-10-07-runtime-bringup/blade-charge-A-pass-2026-10-08.jsonl","untracked_parent3","audit_data","Original timestamped runtime measurements","absent","absent","absent","PORT exact recovered bytes","docs/investigations/2026-10-07-runtime-bringup/blade-charge-A-pass-2026-10-08.jsonl"
"docs/investigations/2026-10-07-runtime-bringup/blade-charge-B-pass-2026-10-08.jsonl","untracked_parent3","audit_data","Original timestamped runtime measurements","absent","absent","absent","PORT exact recovered bytes","docs/investigations/2026-10-07-runtime-bringup/blade-charge-B-pass-2026-10-08.jsonl"
"docs/investigations/2026-10-07-runtime-bringup/blade-charge-ab-acceptance.md","untracked_parent3","historical_report","Investigation procedure/results: blade-charge-ab-acceptance","absent","absent","absent","PORT exact recovered bytes","docs/investigations/2026-10-07-runtime-bringup/blade-charge-ab-acceptance.md"
"docs/investigations/2026-10-07-runtime-bringup/blade-off-build-validation.md","untracked_parent3","historical_report","Investigation procedure/results: blade-off-build-validation","absent","absent","absent","PORT exact recovered bytes","docs/investigations/2026-10-07-runtime-bringup/blade-off-build-validation.md"
"docs/investigations/2026-10-07-runtime-bringup/blade-off-deployment-runtime.md","untracked_parent3","historical_report","Investigation procedure/results: blade-off-deployment-runtime","absent","absent","absent","PORT exact recovered bytes","docs/investigations/2026-10-07-runtime-bringup/blade-off-deployment-runtime.md"
"docs/investigations/2026-10-07-runtime-bringup/blade-off-only-patch.md","untracked_parent3","historical_report","Investigation procedure/results: blade-off-only-patch","absent","absent","absent","PORT exact recovered bytes","docs/investigations/2026-10-07-runtime-bringup/blade-off-only-patch.md"
"docs/investigations/2026-10-07-runtime-bringup/blade-product-arm64-deployment.md","untracked_parent3","historical_report","Investigation procedure/results: blade-product-arm64-deployment","absent","absent","absent","PORT exact recovered bytes","docs/investigations/2026-10-07-runtime-bringup/blade-product-arm64-deployment.md"
"docs/investigations/2026-10-07-runtime-bringup/blade-product-fwd-rev-implementation.md","untracked_parent3","historical_report","Investigation procedure/results: blade-product-fwd-rev-implementation","absent","absent","absent","PORT exact recovered bytes","docs/investigations/2026-10-07-runtime-bringup/blade-product-fwd-rev-implementation.md"
"docs/investigations/2026-10-07-runtime-bringup/can-passive-before.md","untracked_parent3","historical_report","Investigation procedure/results: can-passive-before","absent","absent","absent","PORT exact recovered bytes","docs/investigations/2026-10-07-runtime-bringup/can-passive-before.md"
"docs/investigations/2026-10-07-runtime-bringup/can-passive-results.md","untracked_parent3","historical_report","Investigation procedure/results: can-passive-results","absent","absent","absent","PORT exact recovered bytes","docs/investigations/2026-10-07-runtime-bringup/can-passive-results.md"
"docs/investigations/2026-10-07-runtime-bringup/can-renewal-independent-rescue-validation.md","untracked_parent3","historical_report","Investigation procedure/results: can-renewal-independent-rescue-validation","absent","absent","absent","PORT exact recovered bytes","docs/investigations/2026-10-07-runtime-bringup/can-renewal-independent-rescue-validation.md"
"docs/investigations/2026-10-07-runtime-bringup/can-renewal-rescue-proof-2026-10-08.jsonl","untracked_parent3","audit_data","Original timestamped runtime measurements","absent","absent","absent","PORT exact recovered bytes","docs/investigations/2026-10-07-runtime-bringup/can-renewal-rescue-proof-2026-10-08.jsonl"
"docs/investigations/2026-10-07-runtime-bringup/esc2-physical-identification.md","untracked_parent3","historical_report","Investigation procedure/results: esc2-physical-identification","absent","absent","absent","PORT exact recovered bytes","docs/investigations/2026-10-07-runtime-bringup/esc2-physical-identification.md"
"docs/investigations/2026-10-07-runtime-bringup/mavlink-frequency-metrics-20261009.csv","untracked_parent3","audit_data","Original timestamped runtime measurements","absent","absent","absent","PORT exact recovered bytes","docs/investigations/2026-10-07-runtime-bringup/mavlink-frequency-metrics-20261009.csv"
"docs/investigations/2026-10-07-runtime-bringup/mavlink-frequency-proof-20261009.json","untracked_parent3","audit_data","Original timestamped runtime measurements","absent","absent","absent","PORT exact recovered bytes","docs/investigations/2026-10-07-runtime-bringup/mavlink-frequency-proof-20261009.json"
"docs/investigations/2026-10-07-runtime-bringup/mavlink-runtime-frequency-audit.md","untracked_parent3","historical_report","Investigation procedure/results: mavlink-runtime-frequency-audit","absent","absent","modified_since_or_local_conflict","preserve historical verbatim; retain newer canonical audit","docs/investigations/2026-10-07-runtime-bringup/mavlink-runtime-frequency-audit-20261009-original.md"
"docs/investigations/2026-10-07-runtime-bringup/operator-observations-and-contract-checkpoint.md","untracked_parent3","historical_report","Investigation procedure/results: operator-observations-and-contract-checkpoint","absent","absent","absent","PORT exact recovered bytes","docs/investigations/2026-10-07-runtime-bringup/operator-observations-and-contract-checkpoint.md"
"docs/investigations/2026-10-07-runtime-bringup/p0-blade-isolation-2026-10-08-runtime.jsonl","untracked_parent3","audit_data","Original timestamped runtime measurements","absent","absent","absent","PORT exact recovered bytes","docs/investigations/2026-10-07-runtime-bringup/p0-blade-isolation-2026-10-08-runtime.jsonl"
"docs/investigations/2026-10-07-runtime-bringup/p0-blade-only-next-acceptance.md","untracked_parent3","historical_report","Investigation procedure/results: p0-blade-only-next-acceptance","absent","absent","absent","PORT exact recovered bytes","docs/investigations/2026-10-07-runtime-bringup/p0-blade-only-next-acceptance.md"
"docs/investigations/2026-10-07-runtime-bringup/p0-blade-sign-attempt-2026-10-08.md","untracked_parent3","historical_report","Investigation procedure/results: p0-blade-sign-attempt-2026-10-08","absent","absent","absent","PORT exact recovered bytes","docs/investigations/2026-10-07-runtime-bringup/p0-blade-sign-attempt-2026-10-08.md"
"docs/investigations/2026-10-07-runtime-bringup/p0-fcu-traction-blade-contract.md","untracked_parent3","historical_report","Investigation procedure/results: p0-fcu-traction-blade-contract","absent","absent","absent","PORT exact recovered bytes","docs/investigations/2026-10-07-runtime-bringup/p0-fcu-traction-blade-contract.md"
"docs/investigations/2026-10-07-runtime-bringup/p0-implementation-before.md","untracked_parent3","historical_report","Investigation procedure/results: p0-implementation-before","absent","absent","absent","PORT exact recovered bytes","docs/investigations/2026-10-07-runtime-bringup/p0-implementation-before.md"
"docs/investigations/2026-10-07-runtime-bringup/servo3-isolated-actuation-preflight.md","untracked_parent3","historical_report","Investigation procedure/results: servo3-isolated-actuation-preflight","absent","absent","absent","PORT exact recovered bytes","docs/investigations/2026-10-07-runtime-bringup/servo3-isolated-actuation-preflight.md"
"docs/investigations/2026-10-07-runtime-bringup/servo3-isolated-actuation-results.md","untracked_parent3","historical_report","Investigation procedure/results: servo3-isolated-actuation-results","absent","absent","absent","PORT exact recovered bytes","docs/investigations/2026-10-07-runtime-bringup/servo3-isolated-actuation-results.md"
"docs/investigations/2026-10-07-runtime-bringup/servo3-isolated-actuation-runtime.jsonl","untracked_parent3","audit_data","Original timestamped runtime measurements","absent","absent","absent","PORT exact recovered bytes","docs/investigations/2026-10-07-runtime-bringup/servo3-isolated-actuation-runtime.jsonl"
"docs/investigations/2026-10-07-runtime-bringup/servo3-native-actuation-preflight.md","untracked_parent3","historical_report","Investigation procedure/results: servo3-native-actuation-preflight","absent","absent","absent","PORT exact recovered bytes","docs/investigations/2026-10-07-runtime-bringup/servo3-native-actuation-preflight.md"
"docs/investigations/2026-10-07-runtime-bringup/servo3-native-actuation-results.md","untracked_parent3","historical_report","Investigation procedure/results: servo3-native-actuation-results","absent","absent","absent","PORT exact recovered bytes","docs/investigations/2026-10-07-runtime-bringup/servo3-native-actuation-results.md"
"docs/investigations/2026-10-07-runtime-bringup/signed-rpm-three-esc-audit.md","untracked_parent3","historical_report","Investigation procedure/results: signed-rpm-three-esc-audit","absent","absent","absent","PORT exact recovered bytes","docs/investigations/2026-10-07-runtime-bringup/signed-rpm-three-esc-audit.md"
"ros2/src/mavros_esc_wheel_odometry/test/test_signed_esc_contract.cpp","untracked_parent3","test","Regression or mocked ROS integration contract","absent","absent","absent","PORT exact recovered bytes","ros2/src/mavros_esc_wheel_odometry/test/test_signed_esc_contract.cpp"
"ros2/src/mowgli_mavros_bridge/include/mowgli_mavros_bridge/blade_control.hpp","untracked_parent3","product","Independent blade state machine and bridge transport/safety integration","absent","absent","absent","PORT exact recovered bytes","ros2/src/mowgli_mavros_bridge/include/mowgli_mavros_bridge/blade_control.hpp"
"ros2/src/mowgli_mavros_bridge/include/mowgli_mavros_bridge/blade_off_control.hpp","untracked_parent3","product","Independent blade state machine and bridge transport/safety integration","absent","absent","absent","PORT exact recovered bytes","ros2/src/mowgli_mavros_bridge/include/mowgli_mavros_bridge/blade_off_control.hpp"
"ros2/src/mowgli_mavros_bridge/test/test_blade_control.cpp","untracked_parent3","test","Regression or mocked ROS integration contract","absent","absent","absent","ADAPT recovered work plus targeted regression/documentation","ros2/src/mowgli_mavros_bridge/test/test_blade_control.cpp"
"ros2/src/mowgli_mavros_bridge/test/test_blade_graph.py","untracked_parent3","test","Regression or mocked ROS integration contract","absent","absent","absent","ADAPT recovered work plus targeted regression/documentation","ros2/src/mowgli_mavros_bridge/test/test_blade_graph.py"
"ros2/src/mowgli_mavros_bridge/test/test_blade_off_contract.py","untracked_parent3","test","Regression or mocked ROS integration contract","absent","absent","absent","PORT exact recovered bytes","ros2/src/mowgli_mavros_bridge/test/test_blade_off_contract.py"
"ros2/src/mowgli_mavros_bridge/test/test_blade_off_control.cpp","untracked_parent3","test","Regression or mocked ROS integration contract","absent","absent","absent","PORT exact recovered bytes","ros2/src/mowgli_mavros_bridge/test/test_blade_off_control.cpp"
