utc,mono_ns,id,status,latency_ms,tx_hex,rx_hex,payload_hex
2026-10-04T15:02:38.480994+00:00,194450281850250,101,ok,5.136,244d3c006565,244d3e1b657d0000002100000000000018000000001e000400000049000403006e,7d0000002100000000000018000000001e00040000004900040300
2026-10-04T15:02:38.486724+00:00,194450287012666,104,ok,10.054,244d3c006868,244d3e1068e803e803e803e803000000000000000078,e803e803e803e8030000000000000000
2026-10-04T15:02:38.496803+00:00,194450297095500,110,ok,9.921,244d3c006e6e,244d3e096ee30000df010000de088c,e30000df010000de08
2026-10-04T15:02:38.506754+00:00,194450307046208,130,ok,9.963,244d3c008282,244d3e0b82060000e30000000000de08ba,060000e30000000000de08
2026-10-04T15:02:38.516735+00:00,194450317024583,131,ok,9.965,244d3c008383,244d3e0a830000d007e803040c0100bc,0000d007e803040c0100
2026-10-04T15:02:38.526712+00:00,194450327000666,134,ok,9.974,244d3c008686,244d3e0d86040000000000000000000000008f,04000000000000000000000000
2026-10-04T15:02:38.536702+00:00,194450336991625,139,ok,10.056,244d3c008b8b,244d3e358b0400000000000000000000000000000000000000000000000000000000000000000000000000000000000000000000000000000000ba,0400000000000000000000000000000000000000000000000000000000000000000000000000000000000000000000000000000000
2026-10-04T15:02:38.686046+00:00,194450486358791,101,ok,11.024,244d3c006565,244d3e1b657d0000002100000000000018000000001e000400000049000403006e,7d0000002100000000000018000000001e00040000004900040300
2026-10-04T15:02:38.697340+00:00,194450497661916,104,ok,9.374,244d3c006868,244d3e1068e803e803e803e803000000000000000078,e803e803e803e8030000000000000000
2026-10-04T15:02:38.706824+00:00,194450507134833,110,ok,9.938,244d3c006e6e,244d3e096ee30000df010000de088c,e30000df010000de08
2026-10-04T15:02:38.716877+00:00,194450517191458,130,ok,9.826,244d3c008282,244d3e0b82060000e30000000000de08ba,060000e30000000000de08
2026-10-04T15:02:38.726789+00:00,194450527089750,131,ok,9.976,244d3c008383,244d3e0a830000d007e803040c0100bc,0000d007e803040c0100
2026-10-04T15:02:38.736862+00:00,194450537181625,134,ok,9.956,244d3c008686,244d3e0d86040000000000000000000000008f,04000000000000000000000000
2026-10-04T15:02:38.746947+00:00,194450547264708,139,ok,9.723,244d3c008b8b,244d3e358b0400000000000000000000000000000000000000000000000000000000000000000000000000000000000000000000000000000000ba,0400000000000000000000000000000000000000000000000000000000000000000000000000000000000000000000000000000000
2026-10-04T15:02:38.890430+00:00,194450690758083,101,ok,11.296,244d3c006565,244d3e1b657d0000002100000000000018000000001e000400000049000403006e,7d0000002100000000000018000000001e00040000004900040300
2026-10-04T15:02:38.901858+00:00,194450702168791,104,ok,9.963,244d3c006868,244d3e1068e803e803e803e803000000000000000078,e803e803e803e8030000000000000000
2026-10-04T15:02:38.911936+00:00,194450712246708,110,ok,9.904,244d3c006e6e,244d3e096ee30000de010000de088d,e30000de010000de08
2026-10-04T15:02:38.922027+00:00,194450722349125,130,ok,9.681,244d3c008282,244d3e0b82060000e30000000000dd08b9,060000e30000000000dd08
2026-10-04T15:02:38.931858+00:00,194450732178125,131,ok,9.885,244d3c008383,244d3e0a830000d007e803040c0100bc,0000d007e803040c0100
2026-10-04T15:02:38.941889+00:00,194450742202333,134,ok,9.754,244d3c008686,244d3e0d86040000000000000000000000008f,04000000000000000000000000
2026-10-04T15:02:38.951725+00:00,194450752027375,139,ok,10.021,244d3c008b8b,244d3e358b0400000000000000000000000000000000000000000000000000000000000000000000000000000000000000000000000000000000ba,0400000000000000000000000000000000000000000000000000000000000000000000000000000000000000000000000000000000
2026-10-04T15:02:39.091537+00:00,194450891860958,101,ok,10.098,244d3c006565,244d3e1b657e0000002100000000000018000000001e000400000049000403006d,7e0000002100000000000018000000001e00040000004900040300
2026-10-04T15:02:39.101738+00:00,194450902042083,104,ok,9.963,244d3c006868,244d3e1068e803e803e803e803000000000000000078,e803e803e803e8030000000000000000
2026-10-04T15:02:39.111807+00:00,194450912114875,110,ok,9.900,244d3c006e6e,244d3e096ee30000dd010000de088e,e30000dd010000de08
2026-10-04T15:02:39.121821+00:00,194450922129958,130,ok,9.867,244d3c008282,244d3e0b82060000e30000000000dd08b9,060000e30000000000dd08
2026-10-04T15:02:39.131808+00:00,194450932119833,131,ok,9.873,244d3c008383,244d3e0a830000d007e803040c0100bc,0000d007e803040c0100
2026-10-04T15:02:39.141821+00:00,194450942146583,134,ok,9.833,244d3c008686,244d3e0d86040000000000000000000000008f,04000000000000000000000000
2026-10-04T15:02:39.151786+00:00,194450952099958,139,ok,9.923,244d3c008b8b,244d3e358b0400000000000000000000000000000000000000000000000000000000000000000000000000000000000000000000000000000000ba,0400000000000000000000000000000000000000000000000000000000000000000000000000000000000000000000000000000000
2026-10-04T15:02:39.296582+00:00,194451096901958,101,ok,5.099,244d3c006565,244d3e1b657d0000002100000000000018000000001e000400000049000403006e,7d0000002100000000000018000000001e00040000004900040300
2026-10-04T15:02:39.301843+00:00,194451102155375,104,ok,9.808,244d3c006868,244d3e1068e803e803e803e803000000000000000078,e803e803e803e8030000000000000000
2026-10-04T15:02:39.311790+00:00,194451112112375,110,ok,9.828,244d3c006e6e,244d3e096ee30000de010000de088d,e30000de010000de08
2026-10-04T15:02:39.321742+00:00,194451122048333,130,ok,9.998,244d3c008282,244d3e0b82060000e30000000000de08ba,060000e30000000000de08
2026-10-04T15:02:39.331914+00:00,194451132341708,131,ok,10.026,244d3c008383,244d3e0a830000d007e803040c0100bc,0000d007e803040c0100
2026-10-04T15:02:39.342187+00:00,194451142503166,134,ok,9.402,244d3c008686,244d3e0d86040000000000000000000000008f,04000000000000000000000000
2026-10-04T15:02:39.351690+00:00,194451152003875,139,ok,12.537,244d3c008b8b,244d3e358b0400000000000000000000000000000000000000000000000000000000000000000000000000000000000000000000000000000000ba,0400000000000000000000000000000000000000000000000000000000000000000000000000000000000000000000000000000000
2026-10-04T15:02:39.499062+00:00,194451299385083,101,ok,12.529,244d3c006565,244d3e1b657d0000002100000000000018000000001e000400000049000403006e,7d0000002100000000000018000000001e00040000004900040300
2026-10-04T15:02:39.511722+00:00,194451312034875,104,ok,9.810,244d3c006868,244d3e1068e803e803e803e803000000000000000078,e803e803e803e8030000000000000000
2026-10-04T15:02:39.521640+00:00,194451321947625,110,ok,9.879,244d3c006e6e,244d3e096ee30000e0010000de08b3,e30000e0010000de08
2026-10-04T15:02:39.531607+00:00,194451331910833,130,ok,9.986,244d3c008282,244d3e0b82060000e30000000000de08ba,060000e30000000000de08
2026-10-04T15:02:39.541694+00:00,194451342007125,131,ok,9.827,244d3c008383,244d3e0a830000d007e803040c0100bc,0000d007e803040c0100
2026-10-04T15:02:39.551617+00:00,194451351924500,134,ok,9.970,244d3c008686,244d3e0d86040000000000000000000000008f,04000000000000000000000000
2026-10-04T15:02:39.561702+00:00,194451362013250,139,ok,9.910,244d3c008b8b,244d3e358b0400000000000000000000000000000000000000000000000000000000000000000000000000000000000000000000000000000000ba,0400000000000000000000000000000000000000000000000000000000000000000000000000000000000000000000000000000000
2026-10-04T15:02:39.703867+00:00,194451504192708,101,ok,7.720,244d3c006565,244d3e1b657d0000002100000000000018000000001e000400000049000403006e,7d0000002100000000000018000000001e00040000004900040300
2026-10-04T15:02:39.711726+00:00,194451512038833,104,ok,9.864,244d3c006868,244d3e1068e803e803e803e803000000000000000078,e803e803e803e8030000000000000000
2026-10-04T15:02:39.721720+00:00,194451522034666,110,ok,9.742,244d3c006e6e,244d3e096ee30000df010000de088c,e30000df010000de08
2026-10-04T15:02:39.731548+00:00,194451531849000,130,ok,9.891,244d3c008282,244d3e0b82060000e30000000000de08ba,060000e30000000000de08
2026-10-04T15:02:39.741499+00:00,194451541802333,131,ok,9.985,244d3c008383,244d3e0a830000d007e803040c0100bc,0000d007e803040c0100
2026-10-04T15:02:39.751563+00:00,194451551867541,134,ok,9.929,244d3c008686,244d3e0d86040000000000000000000000008f,04000000000000000000000000
2026-10-04T15:02:39.761581+00:00,194451561885458,139,ok,10.078,244d3c008b8b,244d3e358b0400000000000000000000000000000000000000000000000000000000000000000000000000000000000000000000000000000000ba,0400000000000000000000000000000000000000000000000000000000000000000000000000000000000000000000000000000000
2026-10-04T15:02:39.907113+00:00,194451707470000,101,ok,4.322,244d3c006565,244d3e1b657d0000002100000000000018000000001e000400000049000403006e,7d0000002100000000000018000000001e00040000004900040300
2026-10-04T15:02:39.911603+00:00,194451711908458,104,ok,9.888,244d3c006868,244d3e1068e803e803e803e803000000000000000078,e803e803e803e8030000000000000000
2026-10-04T15:02:39.921604+00:00,194451721913208,110,ok,9.901,244d3c006e6e,244d3e096ee30000db010000dd088b,e30000db010000dd08
2026-10-04T15:02:39.931632+00:00,194451731944875,130,ok,9.842,244d3c008282,244d3e0b82060000e30000000000dd08b9,060000e30000000000dd08
2026-10-04T15:02:39.941576+00:00,194451741884875,131,ok,9.935,244d3c008383,244d3e0a830000d007e803040c0100bc,0000d007e803040c0100
2026-10-04T15:02:39.951632+00:00,194451751947125,134,ok,9.847,244d3c008686,244d3e0d86040000000000000000000000008f,04000000000000000000000000
2026-10-04T15:02:39.961594+00:00,194451761905000,139,ok,10.000,244d3c008b8b,244d3e358b0400000000000000000000000000000000000000000000000000000000000000000000000000000000000000000000000000000000ba,0400000000000000000000000000000000000000000000000000000000000000000000000000000000000000000000000000000000
2026-10-04T15:02:40.107575+00:00,194451907902166,101,ok,3.850,244d3c006565,244d3e1b657d0000002100000000000018000000001e000400000049000403006e,7d0000002100000000000018000000001e00040000004900040300
2026-10-04T15:02:40.111558+00:00,194451911863083,104,ok,9.854,244d3c006868,244d3e1068e803e803e803e803000000000000000078,e803e803e803e8030000000000000000
2026-10-04T15:02:40.121511+00:00,194451921816541,110,ok,9.894,244d3c006e6e,244d3e096ee30000dc010000dd088c,e30000dc010000dd08
2026-10-04T15:02:40.131499+00:00,194451931805250,130,ok,9.997,244d3c008282,244d3e0b82060000e30000000000dd08b9,060000e30000000000dd08
2026-10-04T15:02:40.141618+00:00,194451941932166,131,ok,9.868,244d3c008383,244d3e0a830000d007e803040c0100bc,0000d007e803040c0100
2026-10-04T15:02:40.151613+00:00,194451951924791,134,ok,9.751,244d3c008686,244d3e0d86040000000000000000000000008f,04000000000000000000000000
2026-10-04T15:02:40.161447+00:00,194451961749875,139,ok,10.095,244d3c008b8b,244d3e358b0400000000000000000000000000000000000000000000000000000000000000000000000000000000000000000000000000000000ba,0400000000000000000000000000000000000000000000000000000000000000000000000000000000000000000000000000000000
2026-10-04T15:02:40.310751+00:00,194452111071625,101,ok,10.603,244d3c006565,244d3e1b657d0000002100000000000018000000001e000400000049000403006e,7d0000002100000000000018000000001e00040000004900040300
2026-10-04T15:02:40.321457+00:00,194452121763750,104,ok,9.904,244d3c006868,244d3e1068e803e803e803e803000000000000000078,e803e803e803e8030000000000000000
2026-10-04T15:02:40.331454+00:00,194452131766708,110,ok,9.977,244d3c006e6e,244d3e096ee30000de010000dd088e,e30000de010000dd08
2026-10-04T15:02:40.341546+00:00,194452141862166,130,ok,9.785,244d3c008282,244d3e0b82060000e30000000000dd08b9,060000e30000000000dd08
2026-10-04T15:02:40.351415+00:00,194452151719500,131,ok,9.882,244d3c008383,244d3e0a830000d007e803040c0100bc,0000d007e803040c0100
2026-10-04T15:02:40.361367+00:00,194452161671208,134,ok,10.042,244d3c008686,244d3e0d86040000000000000000000000008f,04000000000000000000000000
2026-10-04T15:02:40.371537+00:00,194452171869958,139,ok,9.798,244d3c008b8b,244d3e358b0400000000000000000000000000000000000000000000000000000000000000000000000000000000000000000000000000000000ba,0400000000000000000000000000000000000000000000000000000000000000000000000000000000000000000000000000000000
